dataset,E,V,MB
BAY,794830,321271,8.51517
CAL,4630444,1890816,49.7533
COL,1042400,435667,11.2768
CTR,3.40E+007,1.40E+007,365.819
E,8708058,3598624,93.8925
FLA,2687902,1070377,28.6734
LKS,6794808,2758120,72.8831
NE,3868020,1524454,41.1413
NW,2820774,1207946,30.7367
NY,730100,264347,7.58703
USA,5.80E+007,2.40E+007,622.986
W,1.50E+007,6262105,163.127052307
Coassoc 50k sk=sqrt_2 th=30%,30296070,50000,231.522140503
